{"x": [-2.0432345785764214, 0.6700128886906078, 1.0952493223602318, 1.1521463016744489, 1.2456360576861718, -1.3147220660633052, 0.7612625102967506, -0.0049078324583178255, 2.8722097608440276, -1.1730742059321606, 0.017282112401979254, 0.3715990841468783, 0.6552436846909969, 0.05742695684077051, -0.4751892862312992, -0.7496367551446783, -1.4759842094655413, 0.9407478007345492, -0.5113126654500728, 0.828108231364337, 0.3487352549875643, 1.0253576732928416, 0.23422760222339734, -0.31879159503884386, 0.05538626417187084, -0.3062288224505785, 0.9158202196584568, 0.9160955207829133, 0.08324486547979741, 0.4375148736798566, -2.4425603039967663, 0.6376779443830272, 0.9269630987569225, -0.01064126134067686, 0.4065071627369431, -2.888009231593391, -0.739256449986981, -0.5443745038271145, 0.706284778586336, -0.3940601489166791, 1.000326912818003, -0.18533360632314053, 2.3692457011905734, 0.30439115738216715, 1.656808260052372, 0.527783622363432, -0.9396579304428003, 1.7441999787646814, 0.5005310926093279, 1.416225883716329, -0.7702864748282042, -2.768681546523868, -0.03189074650599286, -0.9882348718943088, 0.47375899231274404, 1.335016502578384, 2.4994102515173395, -0.08117650294970338, -0.26758081810911666, -2.008867521150037, -0.5604909622205856, -0.32179844299565796, 0.9982656140051355, -0.49623786881785914, 0.4954792493860782, -2.208406172316222, 0.01662056792774212, 0.5514250466729304, -1.6364485005051859, 0.09082749161224123, 0.6428328353840103, -1.2408513007851332, 1.293192094914659, -0.34430284076523765, -0.07890517965023196, -0.3938872016437348, -0.5549263063847493, 0.3787316574461044, -1.7569715896224292, -0.7531645333652097, 0.3772347784786752, -0.274150965726486, 0.12738596025771262, -1.010815361888289, -1.506891762704279, 0.4853134063725377, 0.39312539338532426, -1.0922603978411893, -0.24200232508309938, 0.5973262676216063, 0.2355141302074166, -0.42342927740824926, -0.4533481089536584, -1.145158028029539, 0.4288293109491978, 0.564463406064727, 1.4961212039180145, 1.4264992510754262, 0.19415495800858015, -0.33663715496093416], "y": [-11.125575309293744, 0.2047641798011878, -0.28514122193292535, -2.1345278516708643, -6.697788838279524, -2.26472132932536, 2.610743556929281, 1.1639305705930136, 2.734998862479389, -0.958151686143839], "w": [-0.0, 1.011091356021896, -1.6191021033362445, -1.3044810895918, 0.1500039313136409, 0.0, -0.2508821122765069, -1.188551039705727, -2.743038528475085, 0.5153360052014327]}