{"x": [0.39131478290796906, -0.24646231001237578, 0.32127172007349036, 0.9203844657888306, -0.411910002943095, -1.8323444258504702, 0.3363831139788893, 0.14341180079503496, -1.440338276375803, 1.0836000201440654, -0.15699226715373202, -2.1483971934129023, -1.2846395570457323, -0.3368994110253114, 0.7632573974151343, -0.2763757903475986, -0.06883959192791128, 0.49297484499842814, 0.6153167399648056, 0.6920371051607245, -1.4295012000592546, 1.400977041761706, -1.4201035244543665, 0.42185463292403824, -0.25467210022649744, 0.1991743807576632, -2.530044382371273, -0.677612950266666, -0.8018391824223493, -1.8850087078594409, -0.15086423694655876, -0.054467965808602435, -0.8857179805944462, -0.12239576682921123, -0.3534096853584926, -2.2493484215085915, -1.4162452966267973, 0.14208669147624858, -0.5879660188920653, 0.8766028973690106, 0.9442040478845063, -0.3763641525641112, -0.2698129156693887, -0.3255596616735605, 0.3993197984947835, -1.0345761644883344, -0.24496667936628644, -0.8699068821628403, 0.6908015844740839, 0.3839214709703435, -1.5976544298003446, -1.3462104163378759, -0.5403053128975154, 0.03338842771175077, 0.2912109995943733, 0.45858758814646206, -0.8782735679762946, 0.659978263233564, 0.42451178334108886, 0.17132399391888023, -0.22653279325817846, 0.5023752944959077, -0.6293498251767055, -1.0087762217919727, 0.48577284520048997, -1.5381066438729125, 0.9514748214329191, 1.0174764036080703, 1.7741506294685876, 0.4659029769358108, 0.3570469280366771, -0.02320796639997727, 0.13123996411226974, -0.5182119089706739, 0.983903508243282, 1.6109263988704003, -0.46902129588332253, 0.3167886788312346, -0.4874710213571944, -1.3605816178582282, -0.9228508621501929, -1.5182676607072898, 0.6718790823837703, -0.8551189048266373, -0.0019433866547571505, 0.3881868966665086, 0.05493122580384062, -0.5370679721439636, -0.47023719849583623, 0.44540036778363107, 1.1616713058528678, 0.6465614043310453, -0.6944049229103927, -0.9182738465468935, 1.017725486440794, -1.2828697848231663, -0.257747463277354, -0.42319590734073975, 0.7993479684009326, 0.6435877137347795], "y": [2.177363898660569, -1.4834866942472629, 5.750155579514981, 3.691304719744771, -0.10609120014448656, -2.1717744649699853, -3.204104280949982, 0.9194424285256971, 0.590874853220383, 1.7899216577937442], "w": [-0.0, 1.011091356021896, -1.6191021033362445, -1.3044810895918, 0.1500039313136409, 0.0, -0.2508821122765069, -1.188551039705727, -2.743038528475085, 0.5153360052014327]}