{"x": [-2.0177518561905763, -0.34212090586057126, -0.5295940289082648, -0.039397281419445915, 0.10605101199103595, -1.0059885604572425, 1.4500604516342328, -0.984372093660398, -0.5520382801426748, -1.4330413969461038, 1.2325416499862263, 1.2882543050613677, 0.7832965386386511, -1.3010320527899555, 0.8702312176895678, 0.10761432851174046, 0.23842519831686618, 1.0682859944709593, -0.9868231925161541, 0.6795705125445665, 0.9198275906192049, 0.3647165125400287, -1.7630171475832017, -1.7662224643818736, -0.0026925869555015037, -0.23415186794020107, 1.279488826999896, -1.160621172056452, -0.2472979167208108, -0.6904738268730449, -0.6143610300661544, -0.3760973636293424, -0.4703467696293953, -0.5658737688550682, -0.29818851871129626, -0.20641797589106728, -0.8703601159613231, -1.0357293823821987, 1.691940655451669, 0.7611801937699015, 1.3147097585841339, -0.03698000710670529, -1.6202554097278945, -0.7316275372222676, 0.20158503547010828, -0.8357978958102193, 0.4224314382790776, -1.3422559794387239, -0.8201396850973024, -0.5185477492016195, 0.3042640827522269, 0.6976117644974036, -0.7267595342587158, 1.238124018516412, -3.4627868985588655, 0.27248665673922773, 0.08045087687895275, 1.3690139636493508, -0.43008730889296237, -0.6323304104859626, -1.1358839674567465, -0.27076926220116593, -0.2128630574512785, 0.23139507634289283, 1.119656132517281, 0.17149329211822992, -1.1419548391092984, 0.12953988596961255, -0.7514808157592703, 0.6709635524205887, 2.189307105224521, -0.2631252736013392, 0.11089666326079547, -1.4208895765432572, 0.5000135188892783, 0.791392838322626, 0.9905815636898205, -0.6393898843980131, -1.1876202662353534, 0.3408289107080685, 0.4206585424869332, -0.5504271103634134, 1.763137514228562, -1.1393331060527117, 0.2016326823325332, 1.271443271833836, 0.14989656449349575, 0.5359244404334751, 0.4181504951693692, 0.7149912557142236, 0.29379317408132594, -0.08614003875836358, 2.259024891338419, -0.21072977084326308, -0.4207234704880243, -1.392441595175861, -1.2468329900761366, 0.8935046558164825, -1.2864437648459774, 0.8861056225209546], "y": [2.1154661195117574, 3.5442547143629857, 6.862511759941206, -1.7700399582455513, 6.997076326339857, -1.091270088393549, 2.4312877051562114, 5.382355777229078, -3.393202626091147, -0.34199838766783486], "w": [-0.0, 1.011091356021896, -1.6191021033362445, -1.3044810895918, 0.1500039313136409, 0.0, -0.2508821122765069, -1.188551039705727, -2.743038528475085, 0.5153360052014327]}